<?xml version='1.0'?>
<module>
<exporttime>2023-04-28 07:02:58</exporttime>
<name>WhatsAppLog</name>
<label>WhatsAppLog</label>
<parent>Sales</parent>
<dependencies>
<vtiger_version>7.1.0</vtiger_version>
</dependencies>
<tables>
<table>
<name>vtiger_whatsapplog</name>
<sql><![CDATA[CREATE TABLE `vtiger_whatsapplog` (
  `whatsapplogid` int(19) NOT NULL,
  `whatsapplog_no` varchar(100) DEFAULT NULL,
  `whatsapplog_sendername` varchar(100) DEFAULT NULL,
  `whatsapplog_chatid` varchar(100) DEFAULT NULL,
  `messagelog_type` varchar(100) DEFAULT NULL,
  `messagelog_body` varchar(100) DEFAULT NULL,
  `whatsapplog_quotemessage` varchar(100) DEFAULT NULL,
  `whatsapplog_contactid` varchar(100) DEFAULT NULL,
  `whatsapplog_unreadread` varchar(255) DEFAULT NULL,
  `whatsapplog_withoccode` varchar(255) DEFAULT NULL,
  `whatsapplog_withccode` varchar(255) DEFAULT NULL,
  `whatsapplog_datetime` datetime DEFAULT NULL,
  `whatsapplog_msgid` varchar(255) DEFAULT NULL,
  `whatsapplog_your_number` varchar(255) DEFAULT NULL,
  `whatsapplog_important` varchar(255) DEFAULT NULL,
  `whatsapplog_response` varchar(100) DEFAULT NULL,
  `whatsapplog_request` varchar(100) DEFAULT NULL,
  `whatsapplog_botid` varchar(255) DEFAULT NULL,
  `whatsapplog_displayname` varchar(255) DEFAULT NULL,
  `whatsapp_numberactive` varchar(3) DEFAULT NULL,
  PRIMARY KEY (`whatsapplogid`)
) ENGINE=InnoDB DEFAULT CHARSET=utf8]]></sql>
</table>
<table>
<name>vtiger_whatsapplogcf</name>
<sql><![CDATA[CREATE TABLE `vtiger_whatsapplogcf` (
  `whatsapplogid` int(19) NOT NULL,
  PRIMARY KEY (`whatsapplogid`)
) ENGINE=InnoDB DEFAULT CHARSET=utf8]]></sql>
</table>
</tables>
<blocks>
<block>
<label>WhatsAppLog Detail</label>
<fields>
<field>
<fieldname>whatsapplog_no</fieldname>
<uitype>4</uitype>
<columnname>whatsapplog_no</columnname>
<tablename>vtiger_whatsapplog</tablename>
<generatedtype>1</generatedtype>
<fieldlabel>WhatsAppLog No</fieldlabel>
<readonly>1</readonly>
<presence>2</presence>
<defaultvalue></defaultvalue>
<sequence>1</sequence>
<maximumlength>100</maximumlength>
<typeofdata>V~O</typeofdata>
<quickcreate>1</quickcreate>
<quickcreatesequence>0</quickcreatesequence>
<displaytype>1</displaytype>
<info_type>BAS</info_type>
<helpinfo><![CDATA[]]></helpinfo>
<masseditable>1</masseditable>
<summaryfield>0</summaryfield>
<entityidentifier>
<entityidfield>whatsapplogid</entityidfield>
<entityidcolumn>whatsapplogid</entityidcolumn>
</entityidentifier>
</field>
<field>
<fieldname>whatsapplog_sendername</fieldname>
<uitype>2</uitype>
<columnname>whatsapplog_sendername</columnname>
<tablename>vtiger_whatsapplog</tablename>
<generatedtype>1</generatedtype>
<fieldlabel>Sender Name</fieldlabel>
<readonly>1</readonly>
<presence>2</presence>
<defaultvalue></defaultvalue>
<sequence>2</sequence>
<maximumlength>100</maximumlength>
<typeofdata>V~O</typeofdata>
<quickcreate>1</quickcreate>
<quickcreatesequence>0</quickcreatesequence>
<displaytype>1</displaytype>
<info_type>BAS</info_type>
<helpinfo><![CDATA[]]></helpinfo>
<masseditable>1</masseditable>
<summaryfield>0</summaryfield>
</field>
<field>
<fieldname>whatsapplog_chatid</fieldname>
<uitype>2</uitype>
<columnname>whatsapplog_chatid</columnname>
<tablename>vtiger_whatsapplog</tablename>
<generatedtype>1</generatedtype>
<fieldlabel>Whatsapp ChatId</fieldlabel>
<readonly>1</readonly>
<presence>2</presence>
<defaultvalue></defaultvalue>
<sequence>3</sequence>
<maximumlength>100</maximumlength>
<typeofdata>V~O</typeofdata>
<quickcreate>1</quickcreate>
<quickcreatesequence>0</quickcreatesequence>
<displaytype>1</displaytype>
<info_type>BAS</info_type>
<helpinfo><![CDATA[]]></helpinfo>
<masseditable>1</masseditable>
<summaryfield>0</summaryfield>
</field>
<field>
<fieldname>messagelog_type</fieldname>
<uitype>15</uitype>
<columnname>messagelog_type</columnname>
<tablename>vtiger_whatsapplog</tablename>
<generatedtype>1</generatedtype>
<fieldlabel>Message Type</fieldlabel>
<readonly>1</readonly>
<presence>2</presence>
<defaultvalue></defaultvalue>
<sequence>4</sequence>
<maximumlength>100</maximumlength>
<typeofdata>V~O</typeofdata>
<quickcreate>1</quickcreate>
<quickcreatesequence>0</quickcreatesequence>
<displaytype>1</displaytype>
<info_type>BAS</info_type>
<helpinfo><![CDATA[]]></helpinfo>
<masseditable>1</masseditable>
<summaryfield>0</summaryfield>
<picklistvalues>
<picklistvalue>Send</picklistvalue>
<picklistvalue>Recieved</picklistvalue>
</picklistvalues>
</field>
<field>
<fieldname>messagelog_body</fieldname>
<uitype>19</uitype>
<columnname>messagelog_body</columnname>
<tablename>vtiger_whatsapplog</tablename>
<generatedtype>1</generatedtype>
<fieldlabel>Body</fieldlabel>
<readonly>1</readonly>
<presence>2</presence>
<defaultvalue></defaultvalue>
<sequence>5</sequence>
<maximumlength>100</maximumlength>
<typeofdata>V~O</typeofdata>
<quickcreate>1</quickcreate>
<quickcreatesequence>0</quickcreatesequence>
<displaytype>1</displaytype>
<info_type>BAS</info_type>
<helpinfo><![CDATA[]]></helpinfo>
<masseditable>1</masseditable>
<summaryfield>0</summaryfield>
</field>
<field>
<fieldname>whatsapplog_quotemessage</fieldname>
<uitype>19</uitype>
<columnname>whatsapplog_quotemessage</columnname>
<tablename>vtiger_whatsapplog</tablename>
<generatedtype>1</generatedtype>
<fieldlabel>Quote Message</fieldlabel>
<readonly>1</readonly>
<presence>2</presence>
<defaultvalue></defaultvalue>
<sequence>6</sequence>
<maximumlength>100</maximumlength>
<typeofdata>V~O</typeofdata>
<quickcreate>1</quickcreate>
<quickcreatesequence>0</quickcreatesequence>
<displaytype>1</displaytype>
<info_type>BAS</info_type>
<helpinfo><![CDATA[]]></helpinfo>
<masseditable>1</masseditable>
<summaryfield>0</summaryfield>
</field>
<field>
<fieldname>whatsapplog_contactid</fieldname>
<uitype>10</uitype>
<columnname>whatsapplog_contactid</columnname>
<tablename>vtiger_whatsapplog</tablename>
<generatedtype>1</generatedtype>
<fieldlabel>Contacts ID</fieldlabel>
<readonly>1</readonly>
<presence>2</presence>
<defaultvalue></defaultvalue>
<sequence>7</sequence>
<maximumlength>100</maximumlength>
<typeofdata>V~O</typeofdata>
<quickcreate>1</quickcreate>
<quickcreatesequence>0</quickcreatesequence>
<displaytype>1</displaytype>
<info_type>BAS</info_type>
<helpinfo><![CDATA[]]></helpinfo>
<masseditable>1</masseditable>
<summaryfield>0</summaryfield>
<relatedmodules>
<relatedmodule>Contacts</relatedmodule>
<relatedmodule>Leads</relatedmodule>
<relatedmodule>Accounts</relatedmodule>
</relatedmodules>
</field>
<field>
<fieldname>whatsapplog_unreadread</fieldname>
<uitype>15</uitype>
<columnname>whatsapplog_unreadread</columnname>
<tablename>vtiger_whatsapplog</tablename>
<generatedtype>1</generatedtype>
<fieldlabel>Read / Unread</fieldlabel>
<readonly>1</readonly>
<presence>2</presence>
<defaultvalue></defaultvalue>
<sequence>8</sequence>
<maximumlength>100</maximumlength>
<typeofdata>V~O</typeofdata>
<quickcreate>1</quickcreate>
<quickcreatesequence>0</quickcreatesequence>
<displaytype>1</displaytype>
<info_type>BAS</info_type>
<helpinfo><![CDATA[]]></helpinfo>
<masseditable>1</masseditable>
<summaryfield>0</summaryfield>
<picklistvalues>
<picklistvalue>Read</picklistvalue>
<picklistvalue>Unread</picklistvalue>
</picklistvalues>
</field>
<field>
<fieldname>whatsapplog_withoccode</fieldname>
<uitype>2</uitype>
<columnname>whatsapplog_withoccode</columnname>
<tablename>vtiger_whatsapplog</tablename>
<generatedtype>1</generatedtype>
<fieldlabel>Mass Message </fieldlabel>
<readonly>1</readonly>
<presence>2</presence>
<defaultvalue></defaultvalue>
<sequence>9</sequence>
<maximumlength>100</maximumlength>
<typeofdata>V~O</typeofdata>
<quickcreate>1</quickcreate>
<quickcreatesequence>0</quickcreatesequence>
<displaytype>1</displaytype>
<info_type>BAS</info_type>
<helpinfo><![CDATA[]]></helpinfo>
<masseditable>1</masseditable>
<summaryfield>0</summaryfield>
</field>
<field>
<fieldname>whatsapplog_withccode</fieldname>
<uitype>2</uitype>
<columnname>whatsapplog_withccode</columnname>
<tablename>vtiger_whatsapplog</tablename>
<generatedtype>1</generatedtype>
<fieldlabel>Customer phone</fieldlabel>
<readonly>1</readonly>
<presence>2</presence>
<defaultvalue></defaultvalue>
<sequence>10</sequence>
<maximumlength>100</maximumlength>
<typeofdata>V~O</typeofdata>
<quickcreate>1</quickcreate>
<quickcreatesequence>0</quickcreatesequence>
<displaytype>1</displaytype>
<info_type>BAS</info_type>
<helpinfo><![CDATA[]]></helpinfo>
<masseditable>1</masseditable>
<summaryfield>0</summaryfield>
</field>
<field>
<fieldname>whatsapplog_datetime</fieldname>
<uitype>70</uitype>
<columnname>whatsapplog_datetime</columnname>
<tablename>vtiger_whatsapplog</tablename>
<generatedtype>1</generatedtype>
<fieldlabel>Date Time of message</fieldlabel>
<readonly>1</readonly>
<presence>2</presence>
<defaultvalue></defaultvalue>
<sequence>11</sequence>
<maximumlength>100</maximumlength>
<typeofdata>DT~O</typeofdata>
<quickcreate>1</quickcreate>
<quickcreatesequence>0</quickcreatesequence>
<displaytype>1</displaytype>
<info_type>BAS</info_type>
<helpinfo><![CDATA[]]></helpinfo>
<masseditable>1</masseditable>
<summaryfield>0</summaryfield>
</field>
<field>
<fieldname>whatsapplog_msgid</fieldname>
<uitype>2</uitype>
<columnname>whatsapplog_msgid</columnname>
<tablename>vtiger_whatsapplog</tablename>
<generatedtype>1</generatedtype>
<fieldlabel>Message ID</fieldlabel>
<readonly>1</readonly>
<presence>2</presence>
<defaultvalue></defaultvalue>
<sequence>12</sequence>
<maximumlength>100</maximumlength>
<typeofdata>V~O</typeofdata>
<quickcreate>1</quickcreate>
<quickcreatesequence>0</quickcreatesequence>
<displaytype>1</displaytype>
<info_type>BAS</info_type>
<helpinfo><![CDATA[]]></helpinfo>
<masseditable>1</masseditable>
<summaryfield>0</summaryfield>
</field>
<field>
<fieldname>whatsapplog_your_number</fieldname>
<uitype>2</uitype>
<columnname>whatsapplog_your_number</columnname>
<tablename>vtiger_whatsapplog</tablename>
<generatedtype>1</generatedtype>
<fieldlabel>Your phone number</fieldlabel>
<readonly>1</readonly>
<presence>2</presence>
<defaultvalue></defaultvalue>
<sequence>13</sequence>
<maximumlength>100</maximumlength>
<typeofdata>V~O</typeofdata>
<quickcreate>1</quickcreate>
<quickcreatesequence>0</quickcreatesequence>
<displaytype>1</displaytype>
<info_type>BAS</info_type>
<helpinfo><![CDATA[]]></helpinfo>
<masseditable>1</masseditable>
<summaryfield>0</summaryfield>
</field>
<field>
<fieldname>whatsapplog_important</fieldname>
<uitype>2</uitype>
<columnname>whatsapplog_important</columnname>
<tablename>vtiger_whatsapplog</tablename>
<generatedtype>1</generatedtype>
<fieldlabel>Important</fieldlabel>
<readonly>1</readonly>
<presence>2</presence>
<defaultvalue></defaultvalue>
<sequence>14</sequence>
<maximumlength>100</maximumlength>
<typeofdata>V~O</typeofdata>
<quickcreate>1</quickcreate>
<quickcreatesequence>0</quickcreatesequence>
<displaytype>1</displaytype>
<info_type>BAS</info_type>
<helpinfo><![CDATA[]]></helpinfo>
<masseditable>1</masseditable>
<summaryfield>0</summaryfield>
</field>
<field>
<fieldname>whatsapplog_response</fieldname>
<uitype>19</uitype>
<columnname>whatsapplog_response</columnname>
<tablename>vtiger_whatsapplog</tablename>
<generatedtype>1</generatedtype>
<fieldlabel>Response</fieldlabel>
<readonly>1</readonly>
<presence>2</presence>
<defaultvalue></defaultvalue>
<sequence>15</sequence>
<maximumlength>100</maximumlength>
<typeofdata>V~O</typeofdata>
<quickcreate>1</quickcreate>
<quickcreatesequence>0</quickcreatesequence>
<displaytype>1</displaytype>
<info_type>BAS</info_type>
<helpinfo><![CDATA[]]></helpinfo>
<masseditable>1</masseditable>
<summaryfield>0</summaryfield>
</field>
<field>
<fieldname>whatsapplog_request</fieldname>
<uitype>19</uitype>
<columnname>whatsapplog_request</columnname>
<tablename>vtiger_whatsapplog</tablename>
<generatedtype>1</generatedtype>
<fieldlabel>API Request</fieldlabel>
<readonly>1</readonly>
<presence>2</presence>
<defaultvalue></defaultvalue>
<sequence>16</sequence>
<maximumlength>100</maximumlength>
<typeofdata>V~O</typeofdata>
<quickcreate>1</quickcreate>
<quickcreatesequence>0</quickcreatesequence>
<displaytype>1</displaytype>
<info_type>BAS</info_type>
<helpinfo><![CDATA[]]></helpinfo>
<masseditable>1</masseditable>
<summaryfield>0</summaryfield>
</field>
<field>
<fieldname>whatsapplog_botid</fieldname>
<uitype>2</uitype>
<columnname>whatsapplog_botid</columnname>
<tablename>vtiger_whatsapplog</tablename>
<generatedtype>1</generatedtype>
<fieldlabel>BotID</fieldlabel>
<readonly>1</readonly>
<presence>2</presence>
<defaultvalue></defaultvalue>
<sequence>17</sequence>
<maximumlength>100</maximumlength>
<typeofdata>V~O</typeofdata>
<quickcreate>1</quickcreate>
<quickcreatesequence>0</quickcreatesequence>
<displaytype>1</displaytype>
<info_type>BAS</info_type>
<helpinfo><![CDATA[]]></helpinfo>
<masseditable>1</masseditable>
<summaryfield>0</summaryfield>
</field>
<field>
<fieldname>whatsapplog_displayname</fieldname>
<uitype>2</uitype>
<columnname>whatsapplog_displayname</columnname>
<tablename>vtiger_whatsapplog</tablename>
<generatedtype>1</generatedtype>
<fieldlabel>Display Name</fieldlabel>
<readonly>1</readonly>
<presence>2</presence>
<defaultvalue></defaultvalue>
<sequence>18</sequence>
<maximumlength>100</maximumlength>
<typeofdata>V~O</typeofdata>
<quickcreate>1</quickcreate>
<quickcreatesequence>0</quickcreatesequence>
<displaytype>1</displaytype>
<info_type>BAS</info_type>
<helpinfo><![CDATA[]]></helpinfo>
<masseditable>1</masseditable>
<summaryfield>0</summaryfield>
</field>
<field>
<fieldname>createdtime</fieldname>
<uitype>70</uitype>
<columnname>createdtime</columnname>
<tablename>vtiger_crmentity</tablename>
<generatedtype>1</generatedtype>
<fieldlabel>Created Time</fieldlabel>
<readonly>1</readonly>
<presence>2</presence>
<defaultvalue></defaultvalue>
<sequence>19</sequence>
<maximumlength>100</maximumlength>
<typeofdata>DT~O</typeofdata>
<quickcreate>1</quickcreate>
<quickcreatesequence>0</quickcreatesequence>
<displaytype>2</displaytype>
<info_type>BAS</info_type>
<helpinfo><![CDATA[]]></helpinfo>
<masseditable>1</masseditable>
<summaryfield>0</summaryfield>
</field>
<field>
<fieldname>modifiedtime</fieldname>
<uitype>70</uitype>
<columnname>modifiedtime</columnname>
<tablename>vtiger_crmentity</tablename>
<generatedtype>1</generatedtype>
<fieldlabel>Modified Time</fieldlabel>
<readonly>1</readonly>
<presence>2</presence>
<defaultvalue></defaultvalue>
<sequence>20</sequence>
<maximumlength>100</maximumlength>
<typeofdata>DT~O</typeofdata>
<quickcreate>1</quickcreate>
<quickcreatesequence>0</quickcreatesequence>
<displaytype>2</displaytype>
<info_type>BAS</info_type>
<helpinfo><![CDATA[]]></helpinfo>
<masseditable>1</masseditable>
<summaryfield>0</summaryfield>
</field>
<field>
<fieldname>assigned_user_id</fieldname>
<uitype>53</uitype>
<columnname>smownerid</columnname>
<tablename>vtiger_crmentity</tablename>
<generatedtype>1</generatedtype>
<fieldlabel>Assigned To</fieldlabel>
<readonly>1</readonly>
<presence>2</presence>
<defaultvalue></defaultvalue>
<sequence>21</sequence>
<maximumlength>100</maximumlength>
<typeofdata>V~M</typeofdata>
<quickcreate>1</quickcreate>
<quickcreatesequence>0</quickcreatesequence>
<displaytype>1</displaytype>
<info_type>BAS</info_type>
<helpinfo><![CDATA[]]></helpinfo>
<masseditable>1</masseditable>
<summaryfield>0</summaryfield>
</field>
<field>
<fieldname>whatsapp_numberactive</fieldname>
<uitype>56</uitype>
<columnname>whatsapp_numberactive</columnname>
<tablename>vtiger_whatsapplog</tablename>
<generatedtype>1</generatedtype>
<fieldlabel>WhatsApp Active/InActive</fieldlabel>
<readonly>1</readonly>
<presence>2</presence>
<defaultvalue></defaultvalue>
<sequence>22</sequence>
<maximumlength>100</maximumlength>
<typeofdata>C~O</typeofdata>
<quickcreate>1</quickcreate>
<quickcreatesequence>0</quickcreatesequence>
<displaytype>1</displaytype>
<info_type>BAS</info_type>
<helpinfo><![CDATA[]]></helpinfo>
<masseditable>1</masseditable>
<summaryfield>0</summaryfield>
</field>
</fields>
</block>
</blocks>
<customviews>
<customview>
<viewname>All</viewname>
<setdefault>false</setdefault>
<setmetrics>false</setmetrics>
<fields>
<field>
<fieldname>messagelog_body</fieldname>
<columnindex>0</columnindex>
</field>
<field>
<fieldname>whatsapp_numberactive</fieldname>
<columnindex>1</columnindex>
</field>
<field>
<fieldname>whatsapplog_response</fieldname>
<columnindex>2</columnindex>
</field>
<field>
<fieldname>whatsapplog_displayname</fieldname>
<columnindex>3</columnindex>
</field>
<field>
<fieldname>whatsapplog_contactid</fieldname>
<columnindex>4</columnindex>
</field>
<field>
<fieldname>whatsapplog_botid</fieldname>
<columnindex>5</columnindex>
</field>
<field>
<fieldname>whatsapplog_your_number</fieldname>
<columnindex>6</columnindex>
</field>
<field>
<fieldname>whatsapplog_withccode</fieldname>
<columnindex>7</columnindex>
</field>
<field>
<fieldname>whatsapplog_msgid</fieldname>
<columnindex>8</columnindex>
</field>
<field>
<fieldname>assigned_user_id</fieldname>
<columnindex>9</columnindex>
</field>
<field>
<fieldname>messagelog_type</fieldname>
<columnindex>10</columnindex>
</field>
<field>
<fieldname>createdtime</fieldname>
<columnindex>11</columnindex>
</field>
<field>
<fieldname>whatsapplog_unreadread</fieldname>
<columnindex>12</columnindex>
</field>
<field>
<fieldname>whatsapplog_important</fieldname>
<columnindex>13</columnindex>
</field>
<field>
<fieldname>whatsapplog_sendername</fieldname>
<columnindex>14</columnindex>
</field>
</fields>
</customview>
<customview>
<viewname>All Messages</viewname>
<setdefault>true</setdefault>
<setmetrics>false</setmetrics>
<fields>
<field>
<fieldname>whatsapplog_important</fieldname>
<columnindex>0</columnindex>
</field>
<field>
<fieldname>whatsapplog_no</fieldname>
<columnindex>1</columnindex>
</field>
<field>
<fieldname>whatsapplog_sendername</fieldname>
<columnindex>2</columnindex>
</field>
<field>
<fieldname>whatsapplog_chatid</fieldname>
<columnindex>3</columnindex>
</field>
<field>
<fieldname>messagelog_type</fieldname>
<columnindex>4</columnindex>
</field>
<field>
<fieldname>messagelog_body</fieldname>
<columnindex>5</columnindex>
</field>
<field>
<fieldname>whatsapplog_quotemessage</fieldname>
<columnindex>6</columnindex>
</field>
<field>
<fieldname>whatsapplog_contactid</fieldname>
<columnindex>7</columnindex>
</field>
<field>
<fieldname>whatsapplog_unreadread</fieldname>
<columnindex>8</columnindex>
</field>
<field>
<fieldname>whatsapplog_withoccode</fieldname>
<columnindex>9</columnindex>
</field>
<field>
<fieldname>whatsapplog_withccode</fieldname>
<columnindex>10</columnindex>
</field>
<field>
<fieldname>whatsapplog_datetime</fieldname>
<columnindex>11</columnindex>
</field>
<field>
<fieldname>whatsapplog_msgid</fieldname>
<columnindex>12</columnindex>
</field>
<field>
<fieldname>whatsapplog_your_number</fieldname>
<columnindex>13</columnindex>
</field>
<field>
<fieldname>assigned_user_id</fieldname>
<columnindex>14</columnindex>
</field>
</fields>
</customview>
</customviews>
<sharingaccess>
<default>public_readwritedelete</default>
</sharingaccess>
<actions>
<action>
<name><![CDATA[Import]]></name>
<status>enabled</status>
</action>
<action>
<name><![CDATA[Export]]></name>
<status>enabled</status>
</action>
<action>
<name><![CDATA[Merge]]></name>
<status>enabled</status>
</action>
</actions>
<crons>
</crons>
</module>
